{
  "gemini-3.1-pro-preview": {
    "exhausted_at": 1773603742.866172,
    "retry_after": 1773604642.8661695,
    "retry_after_iso": "2026-03-15T15:57:22"
  }
}