{
  "gemini-3.1-pro-preview": {
    "exhausted_at": 1773598961.8545268,
    "retry_after": 1773599861.8545249,
    "retry_after_iso": "2026-03-15T14:37:41"
  }
}